CustomerID,Age,Income,LoanAmount,CreditScore,LoanTerm,DefaultProbability,Defaulted
1,56,89240.24463915301,22969.216211418865,831.3261278207725,24,0.3341927141731099,0
2,69,51521.165472514855,11858.720599868784,718.5707846379307,36,0.7308703457761604,1
3,46,55001.62002341953,49661.75759712688,822.924989252236,60,0.42001100429566285,0
4,32,69046.94120360095,46715.043556593286,686.3972758441439,36,0.57835976311654,1
5,60,22609.25571110443,29298.07086262518,463.92871475169375,24,0.8326117733261311,1
6,25,61870.291525813176,42891.49824693896,357.9507072379711,36,0.8041655649838841,1
7,38,47488.240909550805,28443.1089772419,730.0031248397146,60,0.8664231835397002,1
8,56,62574.6557831289,33061.35596012419,654.2820718117537,60,0.05961732534465902,0
9,36,35569.07713650266,9010.599445220749,326.5023068163129,12,0.6920505530397448,1
10,40,135768.54649618635,38987.16892235636,498.02775624553806,48,0.13998737672176287,0
11,28,97167.01896202633,10747.106763585567,826.2398985163574,12,0.415818568018411,0
12,28,108283.30148878365,42173.04336136378,575.2206301406106,60,0.5485884150546885,1
13,41,122592.26101895398,40191.26394516737,538.0010248108375,24,0.40273948474683074,0
14,53,84797.48586077744,36893.51139843394,551.7347828376116,24,0.5196116758030075,1
15,57,31299.63745136508,6627.217123614295,414.88549820284004,12,0.9965263087986191,1
16,41,89823.85043641122,18640.776017539785,502.7889439756374,60,0.13521731371285473,0
17,20,96289.34534271428,16840.06564598793,503.39729079294716,24,0.6754560453364256,1
18,39,116907.1316439629,21206.13833621836,328.7952611031098,60,0.3960009663856152,0
19,19,76115.74100985832,8943.923604372734,722.1621956848551,24,0.13300979890732878,0
20,41,36585.439363423284,47163.102036397824,529.0774375471334,60,0.15873676337430953,0
21,61,56890.86775383418,29921.10083205693,752.1989377490329,36,0.9492731062456169,1
22,47,67200.69853182256,18748.59397961106,767.6914006159425,60,0.879601496711762,1
23,55,103969.24137310816,22864.168268342753,416.59673008426194,60,0.9070419604150218,1
24,19,94201.17960695854,25124.114322717603,661.5444151935708,12,0.9915327758273865,1
25,38,66292.57436672001,32026.745001227777,559.7549922896399,36,0.20831539000851795,0
26,50,148246.98234308738,28205.5742463424,784.0862058568168,48,0.35543933736406175,0
27,29,98750.72651639533,46372.63879464878,418.65737354704976,12,0.6692190299248667,1
28,39,50839.48292567929,27363.35673076236,672.7972601705244,48,0.48380253986064725,0
29,61,33231.72144065249,49647.11066704907,634.2636672389974,24,0.4183895333783335,0
30,42,39871.68809396317,43314.12309852931,462.41581266450805,48,0.35781124933559305,0
31,66,51974.50468998606,14382.973146080112,375.13049700814497,60,0.5937806319434522,1
32,44,40888.57852374224,46876.784658976234,658.4018682625021,48,0.575593428640082,1
33,59,44253.713126669754,10236.487904846424,706.2286019727819,12,0.16145783406424008,0
34,45,57062.37193020013,41785.23688210362,473.5950390698425,12,0.47173983751843906,0
35,33,42538.56738831813,22128.048206446103,654.6579322122726,48,0.5534717762098499,1
36,32,136579.50520143527,44508.84442002813,517.3219991863268,12,0.5702869387313905,1
37,64,30430.386936013485,44062.55105483527,692.2637858054397,12,0.2101071929123518,0
38,68,88186.4806441331,41266.64300529295,409.5684011917292,48,0.7422713922522868,1
39,61,73351.587508656,40551.36963381776,789.618251449896,36,0.025199094821069634,0
40,69,147709.22019811883,18710.561259411836,458.07527805606884,36,0.35483185554316266,0
41,20,34565.057281846806,8641.367737306347,502.2822932658841,24,0.7802126485356335,1
42,54,71721.22787594641,23134.108044432265,331.9505736441924,12,0.5638929210554023,1
43,68,146031.15632579796,12808.60317439289,361.331716776702,48,0.26116243251086024,0
44,24,132515.92636621743,36272.79900061077,583.7240464917804,12,0.6949531193430477,1
45,38,126219.3692234064,20574.487694200347,447.1759722003843,60,0.5673909441560734,1
46,26,53527.367515842176,48902.45903869617,759.5141241582069,12,0.7962436094563872,1
47,56,42215.38636070855,33843.74348053994,308.08136376022463,12,0.7350251861898234,1
48,35,106923.61859017603,42011.62536354624,508.5017267695649,36,0.6101079220362347,1
49,21,140818.87858658616,10963.61027338318,485.54005072300095,48,0.488177675310814,0
50,42,92379.17609181088,43790.65170226801,310.63019700468055,12,0.1331821256675234,0
51,31,94309.64963108698,46524.073573102745,368.4026194502806,36,0.26133301788538377,0
52,67,56397.28217583694,26917.786346852117,527.5034712052494,24,0.41909947291708527,0
53,26,120034.08131495179,32281.382198793985,571.0755214460956,36,0.5992992870063887,1
54,43,44315.68731247804,39416.441040634796,522.359360990178,36,0.5137078552153048,1
55,19,62078.30073255168,12867.738226718564,592.0157231266517,36,0.2881845259595295,0
56,37,75306.73702013418,27615.47344085491,627.3224211981249,12,0.006464357789710551,0
57,45,85989.34922897915,22939.83624975409,305.4581016203096,12,0.49623922190081393,0
58,64,51513.26521396043,11586.829647301209,555.2523376994271,24,0.2856259885622431,0
59,24,34928.78721609646,21539.049003118915,829.9245824881735,60,0.7346083007105351,1
60,61,99380.60551741223,8067.75392234721,585.4677540712519,60,0.02394626527048349,0
61,25,57521.97192123325,6161.535812726915,672.6482471024242,60,0.5848278113057909,1
62,64,95560.9687849396,11082.483011967024,471.52512185428577,24,0.9414742375060654,1
63,52,40067.1529856463,48340.180021512824,725.6952579840195,60,0.1744092671114995,0
64,31,82548.21324112627,29728.829115275763,725.1068150318633,60,0.47164949075059537,0
65,34,89236.62623170616,48461.9972518949,586.7128262097765,36,0.09142199181713817,0
66,53,26737.0597869155,24462.404524855938,836.8076028035675,12,0.6256819122613526,1
67,67,63758.55616520967,19031.725988836683,369.05261811945934,12,0.5505316805962256,1
68,57,37473.90800206665,27776.383827810983,309.32121568926954,36,0.40736552421283234,0
69,21,28238.746161459807,24778.025988480957,723.5870164664028,36,0.5213770214737412,1
70,19,148694.8302106929,9754.910791778475,743.9355455506854,36,0.8965746584690102,1
71,23,61905.99984671399,33837.18416105928,366.11397601631694,12,0.19629430231106704,0
72,59,125283.67796110253,14721.718212931983,446.0705581272333,60,0.022564511705347234,0
73,21,53103.2851192893,32881.457970402334,309.6537998516459,36,0.861664884699101,1
74,46,108595.3538891108,34259.0491579169,461.3197359293106,24,0.5771170823879065,1
75,35,118829.62178565926,11841.118390789165,725.2280306552693,36,0.8906584554618424,1
76,43,97433.03627901975,7760.733219980068,584.8782902419184,48,0.5969452234131726,1
77,61,81304.90451152058,40134.27137307979,491.45257624255845,36,0.8101610899597025,1
78,51,73539.31883914491,25691.019069619408,504.45661219848165,12,0.42967336335514794,0
79,27,65352.87465058939,7617.370797746411,300.7444941435075,36,0.7498599312882688,1
80,53,140838.78875221737,49768.98427263952,464.8902901608798,48,0.913041466889856,1
81,31,127980.52301240478,7600.1252448364985,655.5523079008617,24,0.5721229637222063,1
82,48,145453.49838664662,36276.58529863489,835.8069440989964,60,0.18078515056237954,0
83,65,36158.639053120816,49265.55163685361,765.8834548411447,36,0.26879761503019817,0
84,32,115012.77177647375,15763.104689716653,312.97723055504105,48,0.19864457689740578,0
85,25,141984.25938673492,11401.221590923828,794.2083325711617,48,0.24685702759573291,0
86,31,43560.29860153582,10462.3222740093,730.7591273142443,24,0.3064154493510364,0
87,40,28644.514757681074,18647.3816405418,729.2068679640392,12,0.5551337867531885,1
88,57,116345.68440770768,9547.061495479102,551.8976674519643,36,0.5879916294638328,1
89,38,94681.50471338855,36147.260376235936,518.9029111249765,48,0.4264997472418611,0
90,33,129437.74097857537,7803.130915852821,466.60365085825595,24,0.6154207798208354,1
91,62,38170.408961417634,27923.995766740536,336.13217242490117,60,0.08157492561136592,0
92,35,123384.75054178573,49851.35842338396,425.5294499215345,48,0.08778823705815997,0
93,64,46211.55160620679,41628.66212777085,435.63199923791353,24,0.17182946035765845,0
94,41,41275.27257254159,32684.874720395488,566.2423883406109,12,0.5180774980403448,1
95,43,41354.55373102908,18781.412935397526,711.0944236281816,12,0.21399467869831357,0
96,42,125894.71363007967,33075.31263312373,560.5954056188707,48,0.28328440349257733,0
97,62,106475.63869050602,28716.865876024323,331.8144471959383,48,0.40031283617299407,0
98,58,87998.50521998551,24173.752275066716,826.7843905435121,36,0.8118661240103798,1
99,46,66647.96293605532,10881.966953308976,818.4983755017618,24,0.013862135912860118,0
100,32,134036.07030570408,44897.189685821,731.8542487316247,48,0.6493788202366224,1
101,62,71017.8639649426,25240.30919695951,845.2303458603213,36,0.6688765310406853,1
102,18,126157.92713130503,13758.013031934428,599.4652830401446,36,0.7986557803566365,1
103,42,77087.5381141284,21549.170789478034,829.5225926392633,48,0.9327529390603132,1
104,24,69002.77582523799,23635.838863801717,341.5827723392129,12,0.020137848949289827,0
105,26,80148.37213704883,42239.20530050934,501.12441154375426,24,0.15378370551321618,0
106,41,59179.12364133847,38012.647125263094,423.9596974037212,24,0.886171294055993,1
107,18,117189.21942291265,39618.72021386029,407.7081962738485,12,0.45851856218701537,0
108,61,85353.6507120223,5496.406899289124,377.4416218909719,48,0.5645906389334635,1
109,25,50187.650369086245,23726.929918089267,642.3275028612982,24,0.6630272037231474,1
110,41,136944.6945256939,26660.486823589563,729.7270206610178,48,0.6790666044956374,1
111,28,69905.85877851749,5863.652457037551,618.0641196811983,48,0.9317404033165082,1
112,68,90661.87194481851,16691.59439352654,380.8294902735153,36,0.9969494174116696,1
113,34,137841.37442539108,39213.042040496075,746.118073463409,12,0.7201574609309402,1
114,25,101150.93946881898,11169.936757804957,649.7750889400506,48,0.2872212092051508,0
115,52,35196.74529208733,29088.955915366623,513.4911383698475,60,0.8797524022943436,1
116,52,142178.17606975176,14684.084240775688,670.7716625448346,12,0.04922091454076161,0
117,50,101602.04689928432,5545.434858975197,442.9477385835581,24,0.2310808528744962,0
118,22,63537.7299054212,15854.065591979366,489.8557146718158,36,0.8973857174637149,1
119,59,38105.369446240344,48914.31897095242,804.6172137225947,24,0.25619151443935495,0
120,56,123223.27460513847,41069.17003473453,459.7774781192812,24,0.22065105962174847,0
121,58,100609.45827070676,48180.9489944465,558.493547486865,12,0.13812529314024724,0
122,45,89349.9419569218,26953.431976686312,789.5776255678081,24,0.8591117576469165,1
123,24,136206.0357966245,9938.128940487659,689.2467426471401,48,0.5000582591910867,1
124,26,122517.63745918899,29658.17700381618,334.2117743905865,24,0.6748932030541548,1
125,25,39717.73436525765,25446.98005519824,381.0166743534337,36,0.23906638407502967,0
126,29,60523.86881342127,42996.06872328272,304.31287492455425,36,0.7580404210112165,1
127,51,52303.58817588055,9413.716135291006,647.0069846260399,60,0.7600055449620985,1
128,50,116713.018034448,26970.851165980017,546.2203839757301,36,0.31259802490830013,0
129,65,24359.21651565132,11752.189911229292,373.85116799625155,24,0.41068263301028285,0
130,40,94085.65903327115,19610.416710052697,826.8637665812238,36,0.20969027743020086,0
131,41,119119.62914628976,38181.06848245098,591.312848170091,12,0.9765610233229043,1
132,54,133979.53277902742,26420.815821594493,433.04131176208904,36,0.6456025770584116,1
133,52,64470.62733306797,21914.97283155962,575.3319641350892,48,0.9345438807155155,1
134,61,126763.44960736168,22751.432535651587,673.7911830043092,12,0.30338554362913317,0
135,57,34382.12580417694,25675.1045782694,341.9315698854605,60,0.7818909129968897,1
136,39,130038.79792548736,40325.74447266756,451.0870982763406,48,0.765858643884742,1
137,44,36573.52610315771,45143.81100231055,743.8310199861965,24,0.6916556518665415,1
138,52,71647.34777284774,47990.060892676775,552.8156787214637,24,0.9656389752668004,1
139,18,123648.39755134197,40410.65238148828,600.6174281177622,24,0.39355533610631555,0
140,52,39489.26555534059,19193.310308660573,538.0488012152081,48,0.1307173235897573,0
141,54,49802.68138024339,35966.0617738944,324.14496845365284,48,0.6717088592440608,1
142,64,113892.83389109862,24692.140582492637,391.16237890108573,48,0.7293098004772062,1
143,31,113604.74975098966,16460.177992072306,545.04790130804,12,0.5750605734588147,1
144,20,103349.19227508864,42839.22107416652,415.0520059743603,12,0.20681789313339627,0
145,18,110213.297780723,6729.185703304625,327.4884657628233,24,0.5044559416693554,1
146,22,90554.1776351875,45579.28964609406,764.0073152285031,36,0.3121897365691294,0
147,43,52733.87765790385,25766.485908113038,839.6558910402637,24,0.42746652816668906,0
148,31,64940.47915550953,33674.06645637262,736.2285806982068,60,0.6452185758446639,1
149,56,43607.70318418534,34670.926499260226,769.5817069375669,12,0.7452147426908345,1
150,44,138098.5729733717,45280.29833179414,433.0874216743749,48,0.23222469090134312,0
151,26,95840.93331959566,33650.135697524325,828.3448365322598,12,0.40532536064695335,0
152,32,72110.68417927319,32627.01131420278,408.3091374493856,48,0.2691615709916292,0
153,32,80060.75447373725,7999.3418252310485,823.2863956990077,60,0.19863161386186912,0
154,43,143146.83414953598,28328.360987534183,847.1506116812731,60,0.7833872199958384,1
155,59,39935.682405090425,11757.605036766874,691.4475431603269,12,0.9092526944369924,1
156,30,96209.87816218364,38184.51959246685,839.629052485502,48,0.3702321856845767,0
157,68,85765.52825498057,28049.98643657035,613.246878761907,60,0.7512789243737669,1
158,49,99489.05060650421,35610.2500643759,442.7479807468497,24,0.8969952893644111,1
159,56,22354.323896709266,6875.280527107292,540.3477371160915,24,0.8461242105302316,1
160,66,133376.1081627397,8815.640722061145,626.4585144583323,48,0.1828133885392259,0
161,69,141175.3767228696,37234.552462820706,340.1948591148582,12,0.9562918815133613,1
162,49,93467.31386659716,8243.795119940301,642.2887955394854,60,0.37667644042946247,0
163,21,110564.607103996,8206.552749436636,839.6478102192619,12,0.33924066117383633,0
164,47,139924.91955304844,5544.881385569935,404.5592073810502,24,0.062431327277780335,0
165,54,111941.02246074182,48042.5629234766,735.9273139586107,60,0.486173654104883,0
166,40,39830.075578853975,38187.876175655314,799.3443365787907,12,0.10901361564092871,0
167,56,94917.48682168571,20896.31338259289,819.0358760511215,36,0.248539820927426,0
168,62,98872.95602977126,18344.101157944486,828.074582422996,48,0.3169426217672814,0
169,32,75136.9872693102,20736.64533856323,586.8028012968095,48,0.808826323491684,1
170,60,115737.75063121397,39859.408903153184,837.519349395327,36,0.8754886503958965,1
171,46,141467.71191997192,34761.67749816865,716.5206139239414,24,0.3024663174614697,0
172,53,140323.9066778809,13333.800554036057,388.91928993032906,60,0.8586981212445739,1
173,30,78609.11828253718,12834.920090033796,562.2950585573835,48,0.8572309373697911,1
174,49,34720.94595929818,9427.804237102879,695.0821464546023,36,0.7646509503848735,1
175,24,148029.35586510348,34713.622386560215,436.0371737004958,36,0.14669511401518154,0
176,68,129056.75123797143,39396.769799978116,652.3383509518881,24,0.690322846900729,1
177,39,36206.14855642469,16927.08927462518,666.6302634756405,24,0.9450240645805688,1
178,45,139709.4447402584,5942.523246391076,389.4848590947112,12,0.6825404787671571,1
179,19,133086.52706807666,8697.725036439231,610.7969218490159,48,0.33161684910783396,0
180,59,87448.94742638938,48553.70156802637,724.3948010382342,12,0.5005793174308313,1
181,62,96865.8066468408,18295.01498648391,574.392615494768,36,0.6457250433510536,1
182,23,71870.35150311694,39615.04165271601,306.6567142268591,60,0.5105704087285036,1
183,45,27119.013046864075,33109.86059844187,304.9711579936107,60,0.11995294173096982,0
184,45,63575.64141396712,22187.283784380317,496.3661391835067,24,0.31206404465202064,0
185,61,124370.94831774148,14255.92679879998,809.4067376374801,60,0.8023960305536325,1
186,61,20602.162990598372,10462.38881717329,425.77222878198484,60,0.8614180460955174,1
187,37,63354.89231984875,32675.583561748997,648.900028879428,60,0.13730003271557023,0
188,47,71761.93016682263,39858.52012870046,422.14172888132634,36,0.9523867523987246,1
189,28,89861.42838192997,33975.69140935088,476.9184943127517,60,0.32882261784860933,0
190,45,139581.23013365886,28863.595996212123,766.4231492808162,60,0.66231373873072,1
191,42,65024.97926757496,6887.805054423632,700.8737932484707,60,0.7518251459566812,1
192,56,65103.9162465096,48581.99499174727,352.46960252226586,12,0.8119462346378834,1
193,50,115875.16225426728,40942.13862445585,535.7861115425385,36,0.9457497022259301,1
194,18,78788.33231567492,18176.991651543412,316.04337000489545,24,0.3129195480288226,0
195,44,49198.62698219766,49098.66482114828,564.4895806316549,12,0.8585064545515545,1
196,69,78817.13709725015,32084.671533634493,664.3387064355875,48,0.13168690343620704,0
197,30,38311.41264937398,31209.019619326093,365.17644297898335,36,0.7050409063535927,1
198,58,42930.30824580903,38663.29307432895,458.8867164000411,36,0.7419777295139859,1
199,20,84787.81045613237,41529.64046405619,518.8101440261863,48,0.6777232412013204,1
200,56,74460.30843559123,34541.53732991762,805.7420635608273,48,0.252314736135153,0
201,23,138929.967138853,10764.308586479001,846.2902584826302,48,0.8730431470152034,1
202,25,67111.2068851623,20222.037769752427,324.7012144475887,24,0.168858463370395,0
203,44,95476.48553614564,46763.76381467224,718.5543579224657,60,0.05363479152083084,0
204,26,102194.35742953896,15107.702532973337,504.4482365212888,36,0.7174649906119122,1
205,54,21702.279356483374,21747.5160726881,515.8520024262141,60,0.4754757152327337,0
206,50,106259.85836217238,24443.45973248882,714.8457353408625,60,0.8490980199586761,1
207,68,43144.675693067686,24773.22453625035,805.1345376799748,48,0.38339714105825895,0
208,59,144939.14127102916,32582.28121225365,823.0107269764017,24,0.16827858850771282,0
209,61,39326.15460790468,47438.41269851184,617.4174223210764,12,0.8364421924698697,1
210,41,73901.13608451308,15831.172032462722,496.41663761527656,24,0.5489096316400717,1
211,32,31095.4568502237,10467.561933541314,733.1519972223286,60,0.1891957923903549,0
212,49,149593.65273997316,13886.17204369718,438.0507607942651,24,0.7203839985864458,1
213,49,85285.35134306154,44911.62050941713,610.2407158584348,48,0.5111136384895005,1
214,41,97400.0522516057,34061.486569484274,497.2181538386802,12,0.6043129822403198,1
215,58,28719.942060495574,17865.805515762208,661.1470905393319,48,0.4608983382065819,0
216,69,117494.86115189311,41717.61225358777,432.21940209142883,12,0.8287089838180064,1
217,66,47287.72710242615,43761.64983635462,405.3761201541542,60,0.8295627156830498,1
218,66,136747.0576272928,43093.14524106251,805.0314976714903,12,0.7093888218243862,1
219,69,46668.15326266093,46351.694013779954,355.9920256222453,12,0.10540137739646227,0
220,29,44789.40368627665,16350.845907801271,578.2768492542125,12,0.8388538619040689,1
221,56,24751.456820252333,38976.886793582526,421.4690306296549,24,0.6710129805329098,1
222,19,81368.7028642999,25724.2773773363,321.41147982911707,24,0.6970241660042995,1
223,20,93429.34732414014,42889.934880052766,319.8103500602845,60,0.36298284040387163,0
224,66,28542.12312568581,37782.080472272595,396.37197465820503,12,0.8792795561570067,1
225,54,120818.59017035138,39940.13509248761,776.7236949783002,36,0.7253716002348575,1
226,66,78927.54851724359,34527.28269564822,455.3633091873646,60,0.11259046652919447,0
227,34,88170.7350125854,12984.294626136809,822.7525438164126,12,0.40777803440616267,0
228,66,77299.15710196966,29526.211350362224,619.8922611440564,12,0.8863803619601417,1
229,19,72099.19791379238,49310.13827860287,540.1378043728214,24,0.047196701697378995,0
230,19,92753.24307006832,47182.462992370354,619.0488590682,60,0.9614166196420495,1
231,45,40181.23197099262,6942.818110865525,584.1841118744474,12,0.6791625683195628,1
232,40,43650.65696438524,12416.666707824672,717.3269395665288,12,0.6313759776433766,1
233,54,132032.13073175726,10927.794805455287,455.37283628506873,60,0.2705592564879914,0
234,49,142995.01007737225,37669.0959493383,494.1777153801663,36,0.24879178873917707,0
235,50,68530.2111163679,41800.33984356253,791.7518663932879,60,0.9420582194885955,1
236,18,55196.807508661994,14608.011483980235,820.551082232723,60,0.29827245423412274,0
237,36,103719.94062107205,27763.371182832307,790.907025117561,36,0.7755052967189994,1
238,19,73135.44224275253,42831.636260504,530.6963966765225,60,0.39312179820707915,0
239,61,23300.22623584483,37976.06951448128,729.201026653785,12,0.13925407078470398,0
240,43,40299.837657604745,29400.674247133175,561.9846533156044,60,0.01071529769535895,0
241,49,113076.38975016167,31565.64607064478,573.6469186803562,36,0.5442573370152508,1
242,23,105660.11244831968,27876.2246112326,412.5740599815062,48,0.9757788185489327,1
243,49,23522.479025452853,18389.680309346928,625.121666792184,60,0.3691361938092045,0
244,21,48856.38105128343,30425.989678655726,402.37474376434136,24,0.35719233399304484,0
245,28,50039.72355644928,35999.83859225408,482.36058448695655,12,0.3440916178494421,0
246,34,107346.0566678347,44299.53121373634,770.2666108909643,12,0.5205438373048584,1
247,55,22562.36990806734,33633.11092906616,413.89169506597034,24,0.44066488342429355,0
248,41,33534.1156579946,39250.46916694211,339.13705684538803,24,0.8799146267270145,1
249,22,123989.09109851462,12203.223572955785,337.95417593704894,60,0.5055207917234903,1
250,69,43210.80606706337,25770.086348890545,817.4314862767094,24,0.5077578381885688,1
251,51,104856.99402074372,5419.922892219199,578.806240879009,48,0.1383715947205566,0
252,23,50963.76153607445,16100.548903473036,525.1766394993601,36,0.982739540910386,1
253,39,32927.38105871487,37690.77718008522,745.9832195543552,24,0.24997289086882968,0
254,28,51612.384829929026,49631.44781072136,759.7042603507838,24,0.07336406745960267,0
255,65,113894.7011412357,9463.014481424716,482.70506821358254,48,0.6631462489752088,1
256,33,131240.54085381713,23067.24421375797,681.4899316105874,12,0.5953663701568727,1
257,50,127928.5823937089,41003.19359146218,724.1175487185376,12,0.4151456539927457,0
258,26,71633.85885039912,14181.603558300449,660.0578777762751,60,0.42219223388067806,0
259,23,106851.067754184,29978.82271860288,383.37729114005464,48,0.7850639210464312,1
260,33,46647.95840405673,37988.20832133537,781.7356959343813,36,0.19571264009964906,0
261,46,58109.204933931724,32719.34526170806,596.5020040048048,36,0.8202533189448897,1
262,20,136523.65640774556,13461.113057693727,455.35983450350204,48,0.6487471138950182,1
263,37,21690.250056395686,20992.305590858276,533.8755019907317,36,0.4189697737795244,0
264,53,31116.10901108085,40270.63030184287,320.6640997193991,12,0.4580286165838686,0
265,36,47025.21316898355,29940.193135940746,370.32674067232966,36,0.2566472071860958,0
266,43,23449.186503596564,5235.332609431073,721.0507127837234,36,0.7521143326969748,1
267,20,43586.60656167365,39244.584201264224,300.00639911545136,48,0.5128747423052678,1
268,36,95795.40292605998,6589.010972310758,529.1112056652607,48,0.3208545427498436,0
269,37,74785.19157702473,38558.02022290545,587.3805995970736,36,0.5960501157609502,1
270,49,136047.3224400067,14111.625207435683,330.04893100053476,24,0.995734452051323,1
271,24,126267.66302599732,48113.30660537211,835.1929896347831,48,0.43526227965655384,0
272,69,64436.25572072388,21557.3338085938,424.36893218731956,60,0.9206914007786196,1
273,58,53725.046346068026,19711.92273521356,467.3092957999545,60,0.3450168399245661,0
274,50,69360.0130617447,11699.96226496001,467.16838174026503,12,0.054732706924985886,0
275,57,96738.342526925,18752.18969705967,426.72916416454245,36,0.20424210636842888,0
276,56,54848.27330697391,44449.28428226902,300.8106021474713,24,0.4186951433276842,0
277,35,101139.35802038742,49835.04519322613,701.1396367483981,12,0.219634928594569,0
278,57,73223.51478486125,21573.928872808174,831.7650248896069,36,0.0002270382182555375,0
279,18,91766.13351075743,25187.478392954414,423.3614158067748,48,0.9150015377475272,1
280,28,76696.44878759117,37493.19221912317,664.6759554918824,60,0.843879411230929,1
281,45,58280.548740449296,44878.810120928356,708.0429798272933,24,0.7422922314869471,1
282,42,143298.92990508035,31686.995038405286,766.6339584997886,60,0.16781459564602863,0
283,67,119268.7532407689,22618.65641800232,532.4460583574851,48,0.12036357620998606,0
284,40,38214.71284963883,23567.98283818807,466.61199810223604,36,0.06760474947238315,0
285,48,132900.83686672867,36302.81659235631,478.9123237126671,48,0.7240291887729212,1
286,47,83366.05577243678,5144.821862192541,691.9417332041821,48,0.9288079606878853,1
287,59,136291.78949623188,32881.52018569283,749.2287065780998,60,0.430535820913037,0
288,52,123981.18327315098,20997.185469861084,399.8876822661315,24,0.11914067199604816,0
289,24,75277.75558100035,40738.87990746879,504.0175544867709,48,0.5123928207321066,1
290,33,22921.010081615263,9184.578792040948,796.0671082120325,60,0.34883190745863013,0
291,43,54928.05672004299,31469.102012677573,743.6814358321066,24,0.3748249243499977,0
292,65,90412.4479059127,26643.78004487557,841.6721215193617,36,0.6213306241557073,1
293,69,102352.16857739915,33904.648665735236,714.8365428251444,36,0.7187181132622024,1
294,66,53525.3991063163,7918.411751733576,516.2573605653572,12,0.11060359887316085,0
295,19,38116.28962946714,31099.27043426591,624.8508086970508,60,0.035590230806476386,0
296,18,128540.93078390889,30266.806458178566,663.5578398360262,24,0.9943303026857149,1
297,65,147972.28349146177,30229.704248727692,343.15069897441816,48,0.23272834891555183,0
298,29,88339.72369934915,32156.944996840466,599.4733275071258,36,0.053830524908459076,0
299,22,42318.30716027945,35441.0571751863,690.1264556599353,24,0.18987532909591998,0
300,54,55399.952447517964,41224.50498563464,392.0267172005832,60,0.03895784634846422,0
301,49,22390.787951170674,17141.932405769643,729.3474445840563,12,0.39181089461717167,0
302,26,138858.84485286486,42127.223458102795,621.0750292827614,36,0.8024017844513243,1
303,58,35307.64077571835,27421.505701855414,823.7219821336771,24,0.3412444497577206,0
304,52,94947.14181685296,8467.622561044902,323.33226401379045,24,0.44418340687836655,0
305,36,55627.17868933678,7634.791815979064,445.9293756555069,24,0.6755867735674388,1
306,65,92043.14032705314,20040.724341322733,630.8546336149033,60,0.5088940700698802,1
307,33,104684.65048574234,40320.36397001604,463.10795171326185,60,0.8614456860213242,1
308,20,127866.43448193622,36845.642063341205,692.9332902391832,60,0.8660356750457565,1
309,37,46834.76532887842,40487.67341025829,717.4529053870621,48,0.009910695491153643,0
310,41,21429.45772560246,28277.10753987242,356.38378023656094,24,0.7780463064831992,1
311,50,37795.131908944946,24808.954907997075,582.6199553137222,36,0.46073360024167387,0
312,41,137002.42344025365,11635.363701782779,579.8898055750808,60,0.9888405413036631,1
313,69,133605.71008312696,19768.67391241902,503.10442361854757,60,0.48323207587543515,0
314,28,97663.70328214008,24530.87147782439,813.1086744133197,24,0.9868959453882975,1
315,66,98067.19185637494,8987.019335582776,755.1284759302716,60,0.7545693612057366,1
316,25,106454.76769101321,14927.537872004506,683.4651600503003,48,0.24860488461330632,0
317,53,42798.26622104844,31920.138232868245,692.8796496542486,48,0.5383949792869577,1
318,55,138873.55297024478,38104.84014076354,553.9438790972155,60,0.9921356394785827,1
319,57,74440.1682359695,49925.638012682735,806.5469866031167,24,0.8575306077519237,1
320,37,69808.00867243466,46990.09991046009,682.0274849893069,24,0.0973668937912211,0
321,52,87459.30168676889,33915.433979083624,700.9395839106991,24,0.7063719968099961,1
322,65,26105.575680757156,23956.16239823324,773.9299970830399,12,0.34557958587081306,0
323,42,41616.83793829032,33627.98141187047,450.73937413820505,60,0.006982261880348117,0
324,52,115944.37013542815,40354.32281361044,743.8889971266867,24,0.4034809690269996,0
325,42,30763.82683026644,10325.12859155243,407.3823316260706,48,0.2347544217249713,0
326,46,98409.77423063047,23445.720036332972,489.9380737346883,36,0.8188692705204715,1
327,35,51895.38425857172,42791.10285360277,484.58574984841346,36,0.3373306088457655,0
328,63,70608.42982545696,22272.48283698698,838.1890076140273,24,0.8275236939538171,1
329,35,57530.18578019099,30734.252205223394,771.0954730613598,36,0.0005979388347953085,0
330,19,66237.4531404434,31449.62123879892,685.6434238746428,36,0.30781915002611915,0
331,52,113475.96767395192,13301.431391013772,699.8812188884646,12,0.24116521430776194,0
332,33,58625.823031012755,21300.594874352977,609.1400369214141,48,0.23356736106861098,0
333,58,93632.60323859664,20053.007993386946,820.8998669096854,48,0.0681866197654627,0
334,53,81886.55228588296,6178.851883942916,572.9423140852989,12,0.18712427041050173,0
335,50,106277.25149714426,6088.629375110986,509.284740428442,12,0.5555495698856199,1
336,21,141787.86611221853,42426.366965409805,389.6694353123751,36,0.2913610728377445,0
337,50,115234.37263733253,17288.186448776556,732.4131087435819,60,0.41739478232914795,0
338,31,47942.24921679838,28313.544480746696,703.9441626415753,36,0.3768668803471885,0
339,38,24053.807557967008,18442.650811494786,511.3952711882742,12,0.8759049249998946,1
340,65,54094.32575897726,47330.566030190326,313.8563776775761,48,0.9052989990105155,1
341,37,97360.13099103313,16668.35414895982,761.4485302449059,36,0.49295697165586005,0
342,25,26685.355752952546,24334.556573252077,306.2798908997405,60,0.3301559503156044,0
343,24,84527.61213616072,44272.86127180708,687.0348787959781,36,0.10680070400236363,0
344,20,97589.5703591956,42887.01050563139,833.6414103493314,24,0.953402879382095,1
345,34,63451.705806204904,13374.56380308248,540.7137304815119,36,0.06022694490029745,0
346,50,120218.58648695685,41118.94894080697,429.235372747774,12,0.29765027756828044,0
347,65,33857.77290739033,25618.40990320517,687.6790555238599,48,0.29806620117000415,0
348,29,29767.91162565514,26733.599243840985,749.4204781085718,48,0.3204012861402149,0
349,68,114664.53830646843,11006.598758717471,600.5366738428161,12,0.16428684327240928,0
350,39,84413.8711068058,8627.06811907061,831.8694013908804,24,0.7831614309236972,1
351,39,109492.31153560568,37757.268813819435,328.4177969118786,12,0.12249786196598922,0
352,63,76527.55401848702,27340.75185598849,577.6375790674905,36,0.6349066591531628,1
353,47,52032.26432108389,24658.28161768308,695.1496710274025,12,0.12384602670581746,0
354,55,126483.30129764596,37827.87028935785,774.4522591320484,12,0.07053563759295656,0
355,55,123924.0642659673,39448.08045459994,398.5905865492845,24,0.9094295036858765,1
356,62,110310.54121107548,12150.86754512091,740.0019149700247,36,0.19012876631870568,0
357,68,55378.86783989515,32460.13172649386,603.9888916451998,60,0.8212501545597043,1
358,25,96729.98669298133,11090.933702495848,518.1045250944798,60,0.5446308711071358,1
359,44,66926.60660220348,38811.87887130705,372.4432657185015,48,0.0778565196087696,0
360,44,31905.669532462438,34562.982032021275,775.9126673999018,12,0.9554481914380675,1
361,51,139250.76481009158,48047.65794875561,386.5002644988434,48,0.24696116699189252,0
362,38,37786.42201946498,8103.110736038953,470.3833225650046,24,0.8596453453526065,1
363,47,143530.8559967043,7567.462451806445,459.52504257934027,60,0.16881000578456418,0
364,50,77980.75048453425,17698.418361194006,779.2777188049699,12,0.8539428821418529,1
365,45,44067.28074902056,16776.75576811577,669.9866468148939,24,0.013228812905293985,0
366,64,90447.12315918657,16114.045958239993,738.1747684552547,24,0.5117804565694807,1
367,50,133482.9586639331,45781.45612344665,437.75734433587445,12,0.7694425794215568,1
368,22,115189.23523324296,16229.578993227775,643.6807547838494,24,0.9347955174927833,1
369,65,124852.94922198847,17237.737675788398,614.4602907290619,12,0.909202136206487,1
370,36,105641.83767239326,39172.921808808365,758.0567072335491,12,0.8196248695476449,1
371,21,109995.95338732083,25238.2929102743,798.3478832646933,36,0.8881913496613041,1
372,52,130395.43470349151,39951.975062983154,306.68622431256273,48,0.1992196858370765,0
373,66,52456.84115169417,7941.477090397336,670.710955482336,24,0.28418429571172876,0
374,34,83625.24527360826,26940.703715302294,328.50968951585094,24,0.2889685249210585,0
375,61,48757.22743654829,6512.612008247718,601.8722657925457,36,0.3770539310016988,0
376,45,148396.8410395641,7819.394155490953,458.198000974023,36,0.3933206703851887,0
377,47,142727.71415925972,45789.68540049849,468.7271297371776,36,0.5445553246546755,1
378,46,25125.485477905768,11266.041700291782,494.1271768987961,60,0.15987976336644139,0
379,63,111724.7724270395,28958.93070238477,641.7108469772855,60,0.6912466637859893,1
380,23,140282.28126403654,23499.302117031795,483.72748111782306,60,0.1675665393045065,0
381,52,43474.79486655336,20630.449681647922,702.9844778246543,12,0.31030848210454753,0
382,58,93832.87997184183,45492.50055592726,522.4900620656283,24,0.503345130606154,1
383,54,139013.47868644545,5982.052854897028,337.59426017047724,48,0.7964405615234773,1
384,41,24412.97721615385,34870.53587790151,731.0679133662591,12,0.7394692332387273,1
385,46,110664.63474208918,48352.749539609766,457.1670785259883,24,0.6455343564105223,1
386,66,58655.3709584316,30207.568255782888,538.0217837795944,24,0.15577326058017016,0
387,63,140171.50539894897,47157.010791489134,676.9941357720459,36,0.5470453456155777,1
388,48,146237.5718714978,7351.604567871069,482.85088643179165,36,0.08744650179988545,0
389,52,142754.6435847464,23845.699358337264,331.1221108806936,12,0.37736317679665077,0
390,50,81647.84816547029,16707.1005932923,505.65657585704747,36,0.41351653028995916,0
391,69,132065.54462861075,37886.94342413284,819.4467204818669,24,0.03981143944575383,0
392,38,129791.42180955915,49158.3690723761,652.9539185142071,36,0.2739880994699718,0
393,49,61483.06152162323,16543.85280999115,669.3135317669638,60,0.9556494672664894,1
394,40,127759.01163958806,34437.85706633335,647.755184500702,36,0.9536326078296895,1
395,50,24810.99251301404,13914.393474188306,409.4456764276902,24,0.3523270542525393,0
396,20,97515.0842026669,30439.861455722446,530.0836252562541,12,0.043100108948324056,0
397,35,49901.1488474014,25876.96190097513,713.016889099825,48,0.17909493932818155,0
398,42,35673.695151046246,48740.23983341917,355.75509365423756,36,0.39221779343354013,0
399,59,30003.91621179719,32383.727271340995,452.81902684934175,24,0.9477796979692298,1
400,48,110517.54086415817,20727.786743906843,451.9755096562195,48,0.14119906353718492,0
401,20,64183.7452898486,10134.310319957001,537.6104101769783,48,0.7635158436682122,1
402,57,114219.68029873898,11806.107293072055,839.2028075182018,60,0.10868253937469208,0
403,63,28496.324303862508,15139.26184780558,337.1264006761021,48,0.9812575773912768,1
404,41,60987.743917979344,16293.499760313409,585.2855469093272,24,0.381616499109135,0
405,67,90133.86800879384,43277.7226028512,398.65057510671573,24,0.775234538899056,1
406,49,122794.01142906526,30255.02547271362,833.8720999753592,36,0.3425910828111318,0
407,64,61437.82538116909,28552.59101184649,362.3169276001053,36,0.6276688771588087,1
408,39,101365.87893681118,10164.599234114787,521.9805512988752,36,0.19201608474003673,0
409,40,135177.10727070432,43706.28620072457,705.8367416590334,48,0.14602101929696254,0
410,19,100062.2144636996,37526.643644381766,687.5049354150949,48,0.9380641395681313,1
411,44,50284.73171797239,8045.076285500071,532.5007502916627,60,0.9176472779044335,1
412,59,23172.101602349943,36852.57937533959,490.58829237399505,36,0.8874689402128824,1
413,19,133112.85360712087,29459.219780419073,518.6868082040788,12,0.6254334501665935,1
414,43,22765.023410550326,8677.64055860502,445.35194473725164,60,0.8082682112162782,1
415,34,133711.2174489459,25623.52886878954,412.9331162887399,12,0.06903693691137491,0
416,57,88761.82742353756,26811.332920852114,565.6718336573895,48,0.33478904189067915,0
417,50,142078.8008066765,12459.854307347408,447.693565837184,60,0.3137031247571562,0
418,26,123841.8206505765,47556.416615012706,458.1039156934876,60,0.6356453219526133,1
419,60,149731.43436933387,43248.89171662979,661.2158349110064,24,0.3559577734706405,0
420,65,65592.53600872232,35106.00517980987,832.6955324349407,48,0.1485067816436808,0
421,56,119734.4775610465,25803.300245027323,632.0004603076563,48,0.5964670754135437,1
422,46,72251.01876920147,23529.449371302882,342.3387068857314,60,0.8143839206690815,1
423,59,82383.83063950815,34293.80602179294,341.57098761973685,48,0.3821234944599732,0
424,43,101575.7102183881,29544.434123310744,823.2827714650613,60,0.1322687150984817,0
425,52,133578.02484422404,7802.289764684852,463.5099346690335,24,0.19668819731282305,0
426,67,147930.85099590837,28062.619194664927,350.6368423453615,60,0.23748330516938398,0
427,42,119875.54380238737,41288.16277547778,629.4745229327099,48,0.2998975929945362,0
428,41,74309.6816817534,25665.79449186311,643.0068280596463,48,0.6427950705063091,1
429,30,74776.41029601912,7338.045989942078,656.6776510652785,60,0.600945484537719,1
430,24,115885.69920655589,40382.51897228149,447.0711153216477,60,0.6960798615670392,1
431,53,51041.0289498793,14061.370196118847,308.3108763179613,60,0.36250198453151317,0
432,62,34361.634707081306,16637.937569961745,830.7584531999595,36,0.8239976518799783,1
433,37,66100.88049330095,12411.785904453314,437.9911751301064,48,0.20408766115576027,0
434,18,57341.06891503063,19859.67791921739,671.8144584289012,48,0.46904074751815394,0
435,25,58520.05565927871,39053.81775598857,688.6464284332903,36,0.8009387215414303,1
436,63,50369.00763648829,28372.363677677182,635.5040793937171,60,0.18015864773261925,0
437,33,25472.114652727047,14219.657336782066,472.0990668175065,24,0.10986311374078295,0
438,31,22323.611515343797,44502.35351684184,449.1029395702362,60,0.8836839676879897,1
439,29,148403.9106656841,44581.18347281881,628.7175554864867,60,0.3429296627591959,0
440,68,75610.5073856621,44176.02912707031,776.3525984864303,36,0.683870124909032,1
441,40,69962.46413075863,15745.829512169268,820.7035509078676,48,0.02534860426393848,0
442,32,108354.14675009908,25305.770488144466,358.2481924220667,60,0.6900468884094496,1
443,45,48373.005422458344,49324.534526339376,385.1557369287459,48,0.3161013115469705,0
444,51,143494.9539135293,39740.561433949566,819.6049423306938,12,0.05574085358744174,0
445,19,122224.85187402177,6222.533955150192,705.0943755841358,48,0.609812761548117,1
446,49,31623.430300593736,7934.206606722142,785.6466036563752,24,0.24080381607317325,0
447,40,74285.50085204068,25876.911956554974,411.4479487744387,24,0.38680724205188,0
448,39,134285.37998308142,45914.909263770205,623.172229110171,60,0.08058081228651359,0
449,68,142815.16289788333,29241.58090787214,685.6267769296105,48,0.14716325109494532,0
450,42,80762.19646248306,27401.56286154306,674.061536995835,60,0.29797723549584376,0
451,39,99743.480597392,9746.316498048376,524.483429976684,36,0.08975950056015713,0
452,39,41714.41299196978,34555.10471259323,308.46719043021966,24,0.9108262646863152,1
453,66,148851.92139780696,41994.64222701015,620.6093312423448,60,0.006047043183978418,0
454,69,50117.32117984764,22118.900337840303,439.20584654878485,36,0.4838602188643114,0
455,59,142555.13063756633,39902.53329163974,547.6398353785896,60,0.12324745813255145,0
456,23,104454.0643690079,48401.44942553652,826.6695582960996,48,0.30767908947794853,0
457,32,99005.78333425168,14169.490660746009,519.4694247033391,48,0.9260595598182655,1
458,60,86649.50643214611,28549.833403763358,761.8908836654347,48,0.16169455327398685,0
459,54,49987.07552330863,17921.2081138059,403.6973331620881,48,0.9658323197183326,1
460,50,42948.644160716074,40678.44885652277,669.8532739137659,12,0.2057943769894217,0
461,25,48663.20717912279,30991.701464652087,837.3538249414189,36,0.7415661084668296,1
462,61,44236.97407875309,33556.20878976367,356.04120548011525,36,0.5466772648973117,1
463,61,121345.98156367792,40906.13718271523,304.5759682249556,48,0.8844787275967592,1
464,22,65516.283691674915,22818.67126981047,538.4705359479378,12,0.5539932555031309,1
465,56,27519.547953241527,46179.053078316945,350.94401567825196,48,0.5345592191563087,1
466,21,145983.3419183055,28986.2990260763,711.6113923219273,12,0.1954580003683999,0
467,23,134892.16504524535,12107.967027590661,803.0017651167075,48,0.16622936205165872,0
468,62,140607.7968153777,36315.46031759611,538.7115349898173,24,0.9164891511155142,1
469,49,149338.0169440366,40696.76076972145,442.2914031854925,24,0.32783819885003407,0
470,69,42606.382398533344,19254.2754680387,538.9218254536354,60,0.37208225496289593,0
471,47,71511.46245734564,43573.06656494388,697.8962998175006,48,0.7598236584283884,1
472,64,118571.00184153188,45776.446464459485,304.979788869204,36,0.33882348242280735,0
473,52,110482.68034699299,17460.7019320014,624.1996942165835,60,0.9520624466390027,1
474,57,40006.467824181156,49258.46627218499,637.3104266880584,24,0.7379277689988003,1
475,69,126058.30624878031,11332.01876219413,650.7285357927645,48,0.59742924257342,1
476,33,49177.274338765885,14090.705078112049,433.11214398948243,60,0.8808951605447525,1
477,30,49096.289926941,13290.117765711177,692.7289978579697,48,0.04960590834948275,0
478,67,89806.67497614377,45229.536950354166,350.26531748247703,24,0.25706269218920874,0
479,59,97082.19152942141,34443.16485462328,409.59868505674046,60,0.46503633422090995,0
480,47,95411.20701891545,11844.69274500228,782.608525659965,24,0.22697853947152102,0
481,36,31893.288861708133,24814.553826575706,706.2977328996114,12,0.7439051873021519,1
482,34,134069.91214194946,32688.41112814109,307.5600547062399,24,0.9192080310537252,1
483,36,54528.00553653179,8755.883824522249,436.6069432033901,48,0.4237701199309234,0
484,45,36836.93976676454,44708.736578330245,417.9235656462405,36,0.34213260011189495,0
485,43,135537.25038296703,41162.15909486909,448.94348042033494,24,0.9615507321375663,1
486,54,144234.69476986793,27734.30481094872,436.1578736539375,36,0.44485243282754083,0
487,43,132076.59024450858,48520.69768666267,334.38946265856515,12,0.4890484004492832,0
488,40,125237.08971423416,23799.244067379488,552.4172841282511,60,0.35164987234190537,0
489,26,105181.45748307282,49284.9643566424,703.0034111323907,60,0.9095484730121384,1
490,29,91611.4581791881,35056.39994616322,633.70244859459,36,0.5689554832818507,1
491,18,31308.278788483316,33560.20729642737,670.0794177289439,60,0.7621745871816447,1
492,18,73098.91769919083,12467.970288310324,344.63204819493154,24,0.8118067183508864,1
493,64,68449.50721160081,44686.74912370898,823.319890597233,36,0.3418490419172582,0
494,51,53767.99188884241,24237.03595642768,761.1705086136637,48,0.43369433132038004,0
495,49,114044.61477951604,12300.503260211572,742.7996751726146,24,0.8484717744062646,1
496,65,84463.84556024021,5567.338398909157,752.6410927729721,24,0.36325535167581025,0
497,42,30536.008067994233,30189.005763727215,812.9907794730187,24,0.7939351334518513,1
498,57,48623.816253475474,28732.982995520433,599.3396813625337,48,0.9409923225744371,1
499,62,108823.63927574747,37370.913006612136,410.1551098271942,12,0.623210373068007,1
500,18,29897.011733739026,45061.6123858011,639.2309843188976,60,0.7416272874518889,1
501,33,130656.89882633994,8573.29630893633,708.5848215173664,36,0.8050973120411349,1
502,56,84369.04851181665,37917.342065316305,705.8545663447139,12,0.8450396488966425,1
503,22,82476.25505246424,13433.5374843912,586.7969632917841,36,0.39505333785679597,0
504,39,97013.01200573728,43617.96739207238,337.65229563346793,60,0.05126345917599817,0
505,46,127208.5255702694,41857.858123774524,504.1121161365703,48,0.4018762712367395,0
506,20,65215.197027285096,29335.718974349496,806.4216346548465,24,0.6737562297840898,1
507,29,108142.09983267826,36960.92593804902,621.4469003665843,24,0.4503503857807928,0
508,43,93545.15531945284,19145.75509326868,596.0825687906424,48,0.7489631508603986,1
509,33,54713.675122024775,26202.55545197666,447.86943291020646,12,0.3569824294686639,0
510,68,134221.89822617054,41973.66039697122,502.64690595411844,12,0.6347441411040295,1
511,54,123665.38280890066,25666.933872794627,792.4403490342431,36,0.18641980485397458,0
512,39,105598.73850559532,21100.921939644883,666.5546761397596,48,0.7493694366449569,1
513,46,130575.62478225144,27239.560126263495,733.062864713783,12,0.5456959688130258,1
514,31,132748.2461247743,42271.21635967483,549.8899826872104,48,0.20406438854660058,0
515,45,112087.18697295453,20084.362131689275,646.6359707008869,60,0.29191117349780726,0
516,22,128811.73268727737,12819.271691108472,436.6109848087641,24,0.7486087085818324,1
517,64,110671.29001700688,37040.630914885136,688.0034566559175,24,0.4826012356615207,0
518,66,108418.30032883905,42169.01957186368,535.1807335368355,24,0.2160314403930722,0
519,47,100419.47916797396,9528.686533559001,543.4000331481101,48,0.9672711903702976,1
520,63,117853.16314249336,15794.335074017512,657.1272785172849,48,0.7151250198168879,1
521,69,40618.66368809958,11388.739539244725,814.9543418079097,36,0.9571348325397961,1
522,22,134513.1986958607,20657.363521197498,335.2034906347415,24,0.4271050453603432,0
523,29,133339.65860688017,25265.79405074357,753.6087805408542,36,0.47510034069172047,0
524,33,23802.146794492688,38697.18516334879,460.81071072670625,24,0.8979552161850192,1
525,43,127356.17757341915,34301.641319675335,544.1556999785078,36,0.5250493402453846,1
526,43,36753.08277154788,32941.7855365294,312.05233082625494,36,0.7072789119056672,1
527,65,63565.45105368845,20856.87259743445,465.57534280887216,60,0.25217287749552997,0
528,38,116656.07331790902,42865.1398888142,576.4471834465718,36,0.44672646870264054,0
529,56,40898.78648628006,26207.922532917404,330.8968425410915,48,0.12344986581035511,0
530,53,126335.71313547809,49059.72221068195,570.1026511607408,36,0.20598003587696168,0
531,50,128177.44313450645,33536.396223308155,809.910845872135,24,0.000943415267631087,0
532,47,85970.8053889087,10681.913370402624,357.96626995929284,36,0.03926505164866023,0
533,54,20830.163323188364,35427.99029339453,720.4424004415274,12,0.9772838231769293,1
534,40,57314.95731273866,19629.680694426454,525.319079356796,24,0.2423536951367623,0
535,27,100200.49938884648,35884.72385087438,660.3455429883859,12,0.663310709504002,1
536,22,147554.20314356504,8133.851667308259,443.13012889187615,24,0.8390996987996115,1
537,53,102135.75851216688,12869.664672918172,387.72074439774707,48,0.5506604592365643,1
538,51,53774.46553834077,43508.17665076038,388.25443784917456,48,0.1531445000839562,0
539,69,102420.74140294947,15223.08006605817,338.77057010372954,48,0.7281164373361664,1
540,48,90198.0993630612,42666.8506359323,402.1056876956836,12,0.600251410099583,1
541,27,121379.90136964867,17567.423980448468,665.3206617439325,60,0.7312505893473751,1
542,36,33907.48304750459,33929.68595264184,784.9298365139294,24,0.7697466228570872,1
543,49,118933.62732526365,36236.775807942395,747.7691270751391,48,0.9754103676847451,1
544,18,90364.65522789434,28069.463891527383,676.8238704309663,24,0.57356328002671,1
545,22,145188.96050166932,18738.98045135291,360.7375248761065,12,0.3416411126906018,0
546,62,64443.381585029194,14568.996936699326,459.0530954627724,60,0.6484645569002371,1
547,21,102240.84610741325,6493.52095530918,470.3937814273579,12,0.06844070924262613,0
548,33,141163.65371630227,18677.588055832573,437.47632051869164,24,0.8973973183215863,1
549,41,33326.2646387883,34392.325573907736,583.2531128403477,60,0.11938101133819679,0
550,33,141839.70334073866,47223.71683018172,594.55459818382,60,0.32784283788581825,0
551,19,109425.14389910574,44204.201701837344,496.2872863441106,12,0.8157453806261209,1
552,66,28818.817683672347,39472.91494408862,494.58403730503983,48,0.5973123783307118,1
553,45,59125.263703086115,40480.13044639844,755.7055788483448,24,0.3936355202774421,0
554,49,112062.3715238866,34924.32065641979,734.1110665758271,36,0.4734356593750214,0
555,44,28755.578190940323,16712.908590470135,469.2877074244101,36,0.8545473932021803,1
556,37,95682.15982291552,45823.77638176234,802.5836441302927,12,0.34000438605989214,0
557,41,64964.797403884375,35182.95403576254,824.0482593513783,24,0.8696496848121713,1
558,29,100719.01730977203,30219.8283941198,479.70839811652246,24,0.08813443097669149,0
559,67,25946.46439562667,9994.526114606648,494.9337218361802,12,0.7767984372086307,1
560,52,133299.78479980893,25117.499471289146,578.0987843820774,24,0.8475476330547363,1
561,50,146553.56599306158,25716.12220408668,817.6164468935204,48,0.18181765283733875,0
562,50,145954.12118713988,43905.36242852015,781.9756882282713,12,0.43034653237220044,0
563,68,117454.73812658021,29599.16990845048,356.4123794209744,48,0.16549977466365562,0
564,60,36911.211216982156,22118.024703668434,516.0019087992789,24,0.7066041289942178,1
565,54,118574.21547077294,48956.01478297967,604.3541543623745,12,0.5353477680616567,1
566,29,23196.299139644198,9982.426699684205,576.722859903347,24,0.635323346708321,1
567,20,22876.06169876964,24014.679274037506,406.624687365291,12,0.19648696695621115,0
568,18,62069.32848944036,6891.110382713238,772.3492241424851,24,0.21174586205241952,0
569,50,83523.61475260655,38295.68543451186,672.3174306482606,48,0.04149732550990637,0
570,57,120152.96431501312,46313.44484896178,760.849606168492,48,0.3220675351957297,0
571,27,108828.39895884568,17601.679829772023,772.3203536422097,24,0.559744661333675,1
572,60,77967.35182897729,43625.37545596044,711.5957195161568,12,0.8579349139973288,1
573,61,55571.46661661656,18149.820370785397,541.5658306873445,36,0.6669274474586807,1
574,46,149626.18502050245,45984.65727397618,635.8007152584835,48,0.43539632339975143,0
575,30,75403.56929067647,38928.285661855276,388.2009733658587,48,0.9531201143941378,1
576,29,78680.31316285781,41220.80495786474,670.5049796111992,36,0.7192452005758319,1
577,48,41271.096754916995,5810.295002020453,398.5892906566044,24,0.93016520286255,1
578,63,123325.24133749082,48326.46606833117,681.6722747805862,12,0.5275879732721657,1
579,19,110178.68935159352,37700.19464316455,426.2789884146828,24,0.2589042747931396,0
580,68,48700.04966253885,18713.799292376,364.653215082621,60,0.052826686364721986,0
581,67,30709.535930059552,42322.75991864811,390.90646957862657,48,0.7260848514838505,1
582,52,108464.9092697127,17668.45392867185,301.09567437048867,60,0.12130299800553412,0
583,40,105086.45785654758,44273.92278047576,695.3067898194416,48,0.3027751282719672,0
584,34,55523.73850976721,10066.117568537165,702.8205769821085,48,0.5324709078838974,1
585,43,143612.26309255336,36665.86898573581,583.2133424522926,60,0.5644165877797477,1
586,25,39637.525931517026,29331.431449020965,388.74954058046103,60,0.600583196987136,1
587,46,76203.52413553825,9344.051158794837,345.95488563087935,24,0.16625533034970064,0
588,43,142670.06962178787,15885.222271647754,310.52093154050783,60,0.37973740482164875,0
589,27,74564.5512003959,5558.181632479165,391.1614973308714,24,0.6171942271169667,1
590,43,103008.37319633111,26094.558445902763,789.9705442407308,24,0.9698188646337847,1
591,51,71687.27173516326,18556.93673420002,432.845262935925,24,0.7276311376996887,1
592,68,55647.9763053271,31926.086793399147,494.84922996946864,48,0.9226037570939578,1
593,58,147917.09423477767,18375.701346887774,357.9400164647333,48,0.762212058314177,1
594,24,73213.4208209556,18496.36001781431,422.29871761149366,60,0.5917169688924004,1
595,21,136232.89647828747,38443.69394292215,585.5735139291128,48,0.19202336913634455,0
596,67,49894.098765841205,7166.427619025905,634.2639757026088,60,0.666685651892513,1
597,62,47703.61152326083,45630.27478363943,434.9437727914161,48,0.6233795659599071,1
598,28,24047.43077498648,43351.87434760317,331.75268757381446,12,0.6024691704572664,1
599,46,104716.68729886506,35051.21074518829,515.0680780200693,12,0.48978586798824075,0
600,53,67908.42468408894,31694.970654832294,428.8118540094838,60,0.5286566039892756,1
601,42,132366.57247915282,45153.61241628435,420.75465777639107,48,0.33444252711810407,0
602,38,81517.28786990243,13339.85807879215,827.9245414924004,48,0.5193126926423032,1
603,53,145865.14562891383,8553.612298587288,638.9652672591483,24,0.19755590567847825,0
604,27,44118.31704140575,15777.957645929215,606.2831437446528,36,0.8051743973603768,1
605,54,132921.0118342294,40756.02254150856,528.6763069378271,60,0.1857769546987078,0
606,26,120957.59086292643,6560.16200269175,535.9193833865793,36,0.08496628988946642,0
607,41,120219.83980372676,31226.307578757034,597.4977521109445,36,0.43624602635715737,0
608,52,129821.8196551954,49794.688228608946,683.036393869859,60,0.6583074395060619,1
609,66,118933.11882258985,43506.324222689276,686.1803529000063,48,0.43771682493354136,0
610,52,101408.641812084,28465.056006961524,394.43164923799725,60,0.2767541319513086,0
611,65,37061.83409871039,7863.840917898906,575.0620136421448,36,0.5581711838904407,1
612,53,24228.40333386275,42411.80814735694,526.576952268756,48,0.34700233541219994,0
613,35,139710.22021603928,31954.032867974474,778.7898314481613,12,0.9328676901266331,1
614,66,100164.54088769594,10171.984867680509,647.280406670107,60,0.9226451396035721,1
615,56,123549.84782690291,9223.57781705103,592.87723652879,60,0.5023718199720955,1
616,49,82597.90569663151,45933.20687464666,363.4670531984045,48,0.3278839940182585,0
617,41,35250.064565111286,35114.01183221353,633.1008391278763,12,0.7371324139566391,1
618,40,36274.15298633156,42317.905969253996,364.46214812412836,12,0.03671294348306664,0
619,49,109123.48733976627,44554.05051270203,485.46361656116363,48,0.47476900604365124,0
620,54,75939.76633693016,30729.7558421745,378.56308064788254,24,0.33632339427033353,0
621,29,46068.21447104377,28285.08582897686,680.640505863403,60,0.9205358851025547,1
622,66,83907.29107638678,24369.23346444456,413.4386626098839,60,0.012003027272682543,0
623,30,28347.161819767432,19262.596450600366,515.5226552534143,36,0.5528148757183491,1
624,40,95656.28224887184,24556.81823864203,792.6211276903282,48,0.740663581066626,1
625,42,54969.1425765627,39824.584507857035,412.3740108694337,36,0.48501798752404124,0
626,52,123682.68308283445,32086.55439568092,579.2927851773286,36,0.08540303016272166,0
627,58,60347.05466006459,45163.54804796808,530.5994136413121,12,0.9724613900279022,1
628,47,79178.61938063416,24952.10064706345,309.96822257515134,60,0.5180104313760979,1
629,34,21510.67018805308,32319.03104234393,736.0169624650471,36,0.6141862443190114,1
630,66,29418.095413292656,33408.83988913949,337.97524847302986,12,0.23660978270750732,0
631,37,71024.16233286902,31626.372303784647,560.8402615373245,48,0.4834980851068038,0
632,65,82392.04851322607,36618.519788848236,608.3730622164225,36,0.42914949195832186,0
633,42,98002.67125550949,15684.506076866282,645.634551138023,60,0.07489584200198374,0
634,39,57916.13523220942,28056.36998956058,678.7473961193316,36,0.10616035354746722,0
635,30,110347.64519645052,9690.116126375644,439.2998109374933,48,0.8374725196187746,1
636,36,131815.9116345966,22303.009744016566,305.48832716214713,36,0.23981995220659025,0
637,66,121380.62855613547,26945.018087956898,697.8940142952016,60,0.19495827149863054,0
638,53,25150.44729528643,34350.09167954626,594.6111296411682,12,0.5049114512501393,1
639,29,82465.90314351776,47773.897366379155,759.8647367639868,60,0.7687471313625129,1
640,58,33640.92319436273,32029.297994676013,751.7635995953818,12,0.06194651857898792,0
641,36,51465.85206212857,38461.72622794519,763.8293922833357,24,0.5768079196382558,1
642,29,148266.13712472905,27781.972677284124,566.8020629887471,60,0.11921044284057336,0
643,26,38524.420577196724,33534.68141193491,483.4956177102761,60,0.03646105082561846,0
644,24,84855.45994867629,8191.949726019804,735.3570114252535,48,0.05274395216221739,0
645,45,100360.24546135549,16447.621137883114,548.2117621660902,36,0.8341641082084413,1
646,31,111320.44617073351,21283.38919423124,400.893208021889,12,0.11797248362806156,0
647,48,92754.32885329884,26262.20097529311,770.2357107588109,12,0.04515136441229195,0
648,69,21270.210164493874,7054.193547607269,785.407932224791,48,0.4378998871429123,0
649,36,62439.97007171895,11301.084389899297,556.4703658770936,48,0.8439934719420248,1
650,64,87302.51364001249,17456.643850608758,341.6348500203831,36,0.26240837648930193,0
651,33,31422.644888828334,48718.97109054728,513.3043494543122,36,0.4217126175259164,0
652,22,65581.5010571935,19910.615319637283,741.9457127044318,60,0.03992253256375122,0
653,52,24316.404142877655,26691.847615043713,795.9757157004258,24,0.4490785141348759,0
654,29,30215.204630152697,13824.397073227683,411.9100083736777,36,0.5776130806371337,1
655,42,71600.02590620749,32485.10319840957,336.8354866138993,48,0.5709070537521448,1
656,69,37253.04802559785,17630.74469821884,782.5427492230613,36,0.33242669217436516,0
657,38,93780.31027400256,14314.666029729206,514.1727164383814,12,0.3155331806631355,0
658,53,109630.44598784455,28245.768280069056,597.9685303471598,24,0.10662361893659789,0
659,40,124076.27088418078,5247.760962218937,832.4361966279174,60,0.3667983206462684,0
660,33,46019.531751825314,5344.88146921514,336.6106003528226,12,0.09949466887296465,0
661,56,41772.73569367907,14858.0964095836,656.5749040986525,12,0.7665959447120516,1
662,62,33593.81924347203,6652.4613125369515,340.7579824161769,24,0.9662742977481859,1
663,59,102735.93244067277,9861.15893588111,506.5079106565752,60,0.9700744566667069,1
664,56,111841.84444329714,20248.729220243822,742.0979998563957,48,0.8650710993753938,1
665,31,24106.198827333465,41116.35558109158,538.409728015599,60,0.6007921493396191,1
666,48,141707.59201167966,30742.188951618537,848.4502946466228,36,0.7008656972438799,1
667,22,26756.266874691413,28070.04766803874,607.4826067206312,12,0.28520580268041407,0
668,52,90368.52358913916,18206.997044365475,476.6391839497744,36,0.6307704201726206,1
669,40,112177.86752861913,46928.91737447674,421.0612292476142,48,0.45564954943987745,0
670,46,133225.98608699112,22865.676855673624,492.78629385738896,36,0.4820173397769325,0
671,60,112831.30117721562,8919.174505809717,504.89330056775293,60,0.757776560375158,1
672,28,124224.65079907293,32767.99322530106,337.79252274817856,36,0.28191835559725165,0
673,35,64128.525030564786,10122.727706447064,503.26580968472524,48,0.3180396116945199,0
674,64,125927.26478704659,20535.041426076146,555.3311858565737,48,0.9246417911286366,1
675,29,30414.930030007767,27833.537242301398,697.5057637313425,48,0.056224294850972245,0
676,26,136326.16528786859,44340.01361083291,661.2012165968844,60,0.4856342984133404,0
677,27,91187.00889998571,27209.59611530534,689.8211103760348,48,0.9128008004078617,1
678,61,126248.71009512419,36601.644471424894,304.6000250322714,12,0.610363007818157,1
679,34,78801.37698737902,49676.75775495817,419.7170697692948,48,0.5464070742121321,1
680,55,103665.10037554825,10917.010395409172,663.9263586199211,36,0.2497441792293552,0
681,24,88432.34592169472,17362.918648378378,566.194152498861,36,0.34327548906444827,0
682,63,115106.63782819314,22755.923401894088,302.9224116175903,36,0.8520484158046929,1
683,30,30611.897663976644,23982.268034247412,742.4720533375023,60,0.5592181317684581,1
684,57,27845.770918773294,23495.94838694956,725.0452653096856,36,0.5147421937567799,1
685,59,52123.42042131904,45842.49511504497,601.6305396464595,60,0.09957971354002892,0
686,26,40740.808414714484,37131.46900100854,336.5548291769497,60,0.01602815645512312,0
687,67,133331.8636569862,32355.73463408167,721.5832772429216,48,0.9636851886870491,1
688,44,48497.81835654576,18921.772303825193,621.0424732522501,12,0.37698616728684164,0
689,19,146862.48325648706,42070.567289958264,730.0779874368775,48,0.6032130620995043,1
690,22,63796.45293024389,47977.7230168245,713.4608458177122,48,0.07971507318728499,0
691,46,43675.32903953091,41953.92271476019,741.6511395768105,60,0.6831142857230466,1
692,54,122660.80592852228,5070.429733616281,584.9044365225436,60,0.9325667087059609,1
693,55,105632.0108151139,33638.06165825331,377.1784850064332,36,0.5756652529974197,1
694,36,84765.44313890807,7301.092164894533,669.1366103588288,36,0.12611532237541057,0
695,25,92197.26162189206,16592.32491501748,641.2605817785839,48,0.5817215274734767,1
696,65,113496.23117539429,7678.611515649725,708.2392529594979,24,0.7663472131046524,1
697,62,49699.116373068835,32170.79538272245,393.43455332790444,24,0.40641653657401866,0
698,18,149523.40908737644,35896.546107167305,407.23635994515905,36,0.8798377479414679,1
699,39,146723.1110790818,10151.94371296573,789.7252344706307,24,0.6486829533573645,1
700,69,104542.3392251018,22272.749737024078,712.487789148639,36,0.8992489182892025,1
701,34,45940.51862078886,25530.642902999392,799.5256687851777,60,0.6235053112473372,1
702,24,108429.67151606787,21607.385979241248,717.2934266401564,48,0.13128797200482423,0
703,42,29385.79316729286,10446.125021833686,628.4354182946661,12,0.3096917111051891,0
704,62,23984.82528675479,23852.650558436395,659.7730053653305,48,0.20179494825245692,0
705,21,53498.77550645778,38803.01215137882,789.0203581670055,36,0.9088264977168623,1
706,53,80140.98437611113,8195.344903996496,618.3437149815672,36,0.7604000672874827,1
707,23,132875.42570308945,8608.100633685655,647.815228380613,48,0.676398368910006,1
708,48,114531.97906962004,20964.70813261929,386.0621938019803,36,0.3009663196316217,0
709,36,116551.84775599753,47377.65702285163,560.6566710638565,24,0.18404477205021352,0
710,61,75314.1334782498,35085.769102531136,694.0184115769543,24,0.7564510879889118,1
711,56,64971.549031105176,35540.148050265416,449.018484074001,36,0.47415794587907967,0
712,44,68235.03918799835,21286.399587703923,411.2397992884942,36,0.22578955215062912,0
713,27,148394.44328568754,31714.73560438423,472.60474452342856,24,0.6166219781652751,1
714,43,25214.194883622724,5455.903281248452,432.8253453960584,36,0.040333852138451975,0
715,36,132714.0944959183,33624.3220884294,418.2019503700177,36,0.3261702541282535,0
716,56,95227.80311441114,46097.912640930655,533.6679635774478,48,0.46855699459113465,0
717,20,77020.00449464677,32565.806075516863,799.3111826359437,12,0.14795833410940584,0
718,62,114283.49585396775,44316.43670598553,578.8828057062951,24,0.9846544775908396,1
719,30,83266.96238521137,37578.78749597422,403.35620944842765,48,0.20909736458961425,0
720,67,133545.02095061587,10425.128738166062,342.3344181594807,12,0.13035313004326554,0
721,45,137091.2423214636,45610.398827862875,682.8858798258589,36,0.2035348738868964,0
722,37,74823.7204935492,7989.97299600987,510.5393204400133,36,0.7690611331597242,1
723,45,55987.6136405567,29028.53626464937,752.0070206219476,48,0.4255056592718428,0
724,25,97005.54271713708,11396.170570705595,662.7309227524236,36,0.565415939752538,1
725,58,138607.23493016983,5526.797482890683,737.9327977977528,60,0.021009156986360744,0
726,56,47386.08457073665,23991.541705743755,449.5703216801468,48,0.034431308573314556,0
727,18,100985.65586325276,18276.83184443703,680.797407353582,12,0.44582554982701617,0
728,20,102102.82861202768,26870.022220892137,445.23409158154533,48,0.8166552432016235,1
729,30,115304.69291398652,30973.994903054787,816.4876636976604,24,0.8852388787075652,1
730,45,37103.799066543776,6968.258253902632,650.0058548433559,48,0.08670656759564022,0
731,66,113057.24540867152,10535.148280568554,478.48149009643816,36,0.5383631021010228,1
732,42,138174.22768653333,30138.90784026914,448.23152426074995,36,0.9132296862792705,1
733,50,43358.80415313145,20442.53089276962,405.0096217894039,60,0.38797275439788637,0
734,55,50880.632240104096,37812.80693972516,682.0525273915503,60,0.8295658314283686,1
735,23,146281.36222541315,34353.12418663729,420.29358714886,60,0.1336956543994362,0
736,61,43527.00385223367,43052.196334545806,627.416796260119,12,0.9353944896677987,1
737,62,131070.0621380453,36162.17720011514,445.54926480894653,60,0.7514233175313026,1
738,49,83996.12133824453,24346.898482556666,664.0829196366277,12,0.9413343927869017,1
739,62,52140.03967241301,35283.498007749455,748.2168506972965,60,0.6766172335525065,1
740,64,133197.4871654265,17392.152841493833,727.9138837295593,12,0.363403931999427,0
741,38,77889.68315034651,18784.10744501957,718.46823201193,48,0.9381811725247224,1
742,33,86926.25601085972,40504.3321964357,403.24732313073866,48,0.2755667763091785,0
743,38,66700.33802196954,25088.878238071196,348.6117208414853,36,0.33217252206173253,0
744,28,97083.61068654056,40927.11532332586,684.4218556680621,12,0.7008084180017403,1
745,54,41258.10343605296,42009.00681507253,502.5909675868932,24,0.7653162995253863,1
746,53,70840.59976472889,43590.30519475777,537.790424521841,36,0.9294034838491538,1
747,52,146023.60190358738,46248.58561285433,317.13200103636507,48,0.2048024090562095,0
748,36,53557.34625114658,24394.33492309833,442.76704710127706,12,0.797998035219224,1
749,37,105375.766390368,19349.006824451248,318.52202213095524,60,0.7385460533969634,1
750,35,62274.708349210334,31198.943596735124,783.5521749306862,24,0.06379455625359787,0
751,64,120551.50633925808,21702.75905469324,433.8681757701918,48,0.38722314121020696,0
752,58,37013.57589338548,32048.337506010485,606.5354432651544,36,0.2827654570600986,0
753,66,146076.7358602108,36751.36381897211,321.4386263636217,12,0.3044904243540304,0
754,31,78992.6403798731,35978.225832146156,666.7660652181119,24,0.9829468795547008,1
755,32,50686.56023504031,21854.87991590546,477.66504016475164,12,0.6427774134799279,1
756,48,29554.577152901646,12508.709076443876,793.8555528267161,60,0.7176761577934996,1
757,18,42068.5276613803,24373.820230799338,788.4650039137198,36,0.9766176373150092,1
758,20,87570.6133122823,11416.736483685894,478.90984009896124,12,0.3772017824576387,0
759,33,63810.412936067216,45054.366583271374,795.5284926297574,48,0.8018401684528059,1
760,40,127754.83756473922,20564.485733203583,847.8867204243284,36,0.43453096330449537,0
761,28,76015.37807603477,11950.68862504957,753.9786152681714,48,0.8695336718149798,1
762,29,52332.85543639189,6145.14919575879,764.6792412653759,12,0.18065754131130318,0
763,27,100228.84825852391,34062.007382891796,436.95480485999946,36,0.9476861770642796,1
764,49,111881.03819510796,33660.60428546344,617.186319371766,48,0.21877170841087967,0
765,33,41715.44802712348,20327.187496158127,336.9907526820523,60,0.3262205069809315,0
766,25,41790.4981174813,8227.034998144296,352.20486525191836,60,0.7561922341067805,1
767,55,24767.285501360588,23433.30027028544,849.3909366183099,12,0.3937551415654067,0
768,29,115732.26195853327,19004.78727785271,479.651587184251,36,0.6082113767664467,1
769,41,106294.58859083467,35470.42878807542,711.5011516268655,24,0.4445735010694285,0
770,45,81702.01384747581,32260.066225371065,743.665779164749,36,0.7423699370897818,1
771,25,129742.15836599562,21406.7177688893,771.9127990539761,60,0.22833125236861085,0
772,45,124737.11988350691,14805.164941474555,848.6955635711861,48,0.05845798723687701,0
773,53,96096.06737157778,49461.61847700163,432.82306689127734,24,0.29992939747306624,0
774,43,132875.26646672364,25430.07295382517,322.1929547728348,12,0.47430866486843026,0
775,25,46759.35730477987,35972.34061011067,526.1553348970223,24,0.16802005219267857,0
776,67,34549.55052170462,11324.883541026235,371.5443684059208,12,0.3547972896563887,0
777,45,55067.44949720865,26851.536484672903,312.3342390391303,24,0.3999830182935685,0
778,45,27421.29129161093,6239.1523941259475,498.23475492781733,12,0.05739184368827355,0
779,54,89052.03864013417,27745.480305970246,731.0560380913801,12,0.5833072481842045,1
780,58,141758.73999834497,48380.78332029661,611.399380173789,24,0.8843434279712875,1
781,53,25114.660286906255,22289.30208436101,472.02789406569474,24,0.15174291295305242,0
782,44,35874.28882130348,6754.820565871021,659.8881030209959,12,0.597808013401514,1
783,34,78785.87367684659,6393.010591370459,427.6099991698459,60,0.6647392049108463,1
784,26,141403.75227862765,22459.40419760913,307.90979533964673,24,0.41933468041928834,0
785,50,61100.29364697757,12201.122140843732,720.394362540035,36,0.70109758736427,1
786,37,85940.52512949101,6050.844334768366,643.058696675205,48,0.41073154349101204,0
787,30,25404.471676550973,39029.61262775796,719.2664434755279,12,0.5046372879774349,1
788,45,39284.61612507155,25633.53539968508,321.4159091782161,12,0.00735304455442698,0
789,65,148261.91598465008,18016.014738769452,760.4157953068586,48,0.6917201141346888,1
790,46,145465.43053668592,45503.74323574163,640.7394100199668,60,0.6613426789447244,1
791,30,20642.19752147325,10226.253209023653,609.8674428919521,48,0.03840087732634456,0
792,63,143735.53210502106,48016.347302989365,643.5377264629924,24,0.3682501073951331,0
793,52,103085.59191601505,19128.502281980876,775.4382857776002,48,0.9790318407916674,1
794,23,132829.37828760286,44978.16525389066,622.8150786073988,12,0.4207365625686168,0
795,35,79116.1812324017,32132.42944157577,619.5227089384987,48,0.5019454051318417,1
796,68,87027.48371530253,42201.83118836694,844.8735363861712,36,0.9099301581597186,1
797,22,83550.05543339963,49280.59234447089,716.2015918877124,24,0.7172618758657564,1
798,64,106692.35348099357,17978.244701843556,543.2615929981243,48,0.5820701311242236,1
799,42,38154.66311832068,48251.096843341686,689.0683500181103,12,0.7978046813410725,1
800,19,23896.566683448134,22526.685270608916,514.0767594304837,24,0.8643662664559733,1
801,27,60030.89240685482,22348.035713161506,425.88150436592446,12,0.45688807173726687,0
802,47,111608.49915576408,20317.419691452757,628.2685322882677,60,0.4751083649318354,0
803,67,46240.948775983285,29363.342330641335,810.5001539626733,36,0.3860509356518358,0
804,62,107546.21633223924,11936.52694303192,811.0267360085045,60,0.9667061400184606,1
805,22,146088.56599394517,29917.016841110504,488.0479029580197,36,0.6971662542903504,1
806,50,32207.09305262439,29376.71655845018,590.2226064219323,48,0.0832230662080723,0
807,18,107438.27536926641,39285.58156721915,416.3997442134237,24,0.8629596233130185,1
808,35,77687.52850959425,42514.24828719135,847.5971102243859,48,0.4805599408362681,0
809,49,132858.4930690757,24819.86076405908,839.6148493273647,36,0.06875390642248747,0
810,64,43029.47262816017,18604.99622081722,657.229911339096,36,0.549717255163311,1
811,66,110041.37378940139,16670.07037926925,742.4277328226103,36,0.4171642789757021,0
812,28,128954.98765425434,13758.072651719236,693.305088706035,12,0.8777494048626249,1
813,38,142799.84853162302,7594.14119895612,626.2370204717075,24,0.20399460360938737,0
814,43,108822.24367765395,20410.159047562098,329.34139834389373,48,0.8264646094921829,1
815,42,84632.71932109556,17161.146145885246,550.1203884039636,48,0.5576886911854527,1
816,39,100320.1412261578,48488.78236398833,671.1324661920758,60,0.05461030321346905,0
817,44,132957.64798223338,30096.897181251978,672.6423876360266,36,0.9718453013254846,1
818,66,94179.26706304785,20627.46675637284,505.21744013231097,36,0.5126152441031999,1
819,30,23950.31776058879,31121.04204471632,817.9305926619168,36,0.2908768542315825,0
820,50,141023.3304159071,11263.851560556297,392.0463677302296,48,0.4694068419892581,0
821,51,109638.47763410295,24981.96871409913,575.1976954185584,60,0.857857783517489,1
822,58,107946.74015104205,33180.544463947874,679.9861871029525,12,0.3049031243850635,0
823,52,48037.769811703234,27000.402430660313,683.4246932404951,24,0.19267639648670032,0
824,18,105655.11113024544,23080.04602944459,656.7514262228485,12,0.12907124693088146,0
825,38,71202.37273504061,49723.17750048642,451.4085173985231,48,0.29785939839021125,0
826,65,104660.28701539397,44614.16429670172,385.9136127776421,36,0.7800480870400435,1
827,23,33857.093940038794,33053.268117174805,649.7671797546909,24,0.4716263651952617,0
828,45,105519.88959839469,30621.981253202724,629.6161638766907,48,0.22748160369353998,0
829,34,149923.78435018664,32929.72159210628,398.64580565908255,48,0.1661849996097492,0
830,22,26267.565051872283,14059.044852009496,687.8265300638099,48,0.3327294765103791,0
831,48,147032.64394877123,22781.198446894337,550.344595453511,24,0.9399243728857088,1
832,22,72898.03489397318,6775.67898009047,667.268325381734,24,0.3430267125900244,0
833,55,133197.9485438437,26399.5716869072,760.5518938735829,60,0.9881240759546354,1
834,20,121710.11292757555,29436.10627809484,393.35063571730774,60,0.4852304557653562,0
835,40,93712.11392826682,15248.738124644431,310.52967739826016,12,0.17916391829015088,0
836,54,115998.39720267245,48381.29812244812,728.5064225176827,24,0.8911400917935094,1
837,54,134207.02296917525,45925.45749217589,635.3335838339387,24,0.4603553731348269,0
838,27,72538.2418146343,37496.44559551576,684.8017632921669,24,0.7096713435045244,1
839,27,62514.31100322103,29002.398294441315,760.9852362437534,60,0.9837115832091518,1
840,36,106787.14012326601,44148.61218414582,741.5460141534752,48,0.050175350319974,0
841,34,125019.97245236361,10879.355472055831,828.5060808108535,36,0.09669455978756714,0
842,38,119097.06752096004,40572.94074236982,594.764293368665,60,0.7204567414627562,1
843,31,123715.77435162249,10616.936628508174,568.672597962948,24,0.281825003295472,0
844,26,76625.83092568128,40739.47981472324,521.0379599399016,60,0.18430139695009906,0
845,63,126318.44810275281,17409.540571311063,384.5300735643125,12,0.039361879819729495,0
846,18,35627.177198179095,44469.0761458185,614.9339780851124,24,0.021846711986201806,0
847,68,90783.58273491044,47481.8942221429,452.3568883792883,12,0.7744856031197909,1
848,62,20748.625864755802,11695.818623230203,806.7191317171365,24,0.13443342736955,0
849,30,62196.15788703514,25820.402227942708,620.7549423524036,60,0.4677206159711509,0
850,21,67639.99953328172,49144.43201732083,626.0620992794607,48,0.605896815179483,1
851,18,71502.44990920319,26753.3346187916,495.20856348235554,36,0.42835180056884625,0
852,66,110410.73686968208,43859.63851315453,328.5941435877391,12,0.027106652336233106,0
853,57,70512.55316514496,31492.918495909395,317.4590709551437,60,0.7835015025879088,1
854,49,78330.17094092898,21889.845856382082,532.8343292842586,48,0.010513224541653488,0
855,51,50880.73701366257,17860.259998664158,346.51095795348084,60,0.761889894377484,1
856,45,68522.73291181421,14145.039098873927,633.7658255470765,12,0.8933044937881227,1
857,48,49545.051544209695,39280.91861199638,784.5351531018116,36,0.4328399210571723,0
858,25,29515.470089897673,22394.322807036253,785.6031490852972,60,0.5355424730977982,1
859,56,98448.31713957913,28007.395799033802,662.4749755727278,24,0.47698339261765377,0
860,43,106867.66381215211,27154.646600053187,416.17750731011205,48,0.3892086186234388,0
861,51,100533.74498124988,30977.556315490907,774.6482572473797,60,0.8874245353703603,1
862,20,80254.22569407441,43950.97155310485,787.3513894222644,48,0.8939335106699905,1
863,67,69372.15142329987,49133.270461254324,408.1594717241273,24,0.3358163646415345,0
864,29,132233.37444433727,23341.28938582176,705.5843471738725,36,0.615069754014698,1
865,18,87480.63206770834,42238.35149478364,457.58575190991763,36,0.9269075621458641,1
866,61,82293.64409186502,39403.750759462295,741.4521717941113,24,0.9620584989413515,1
867,22,23333.46855483664,30808.802815500796,848.4808449469815,48,0.5089590404220475,1
868,47,64362.217591400324,48022.12146253699,316.51430293116607,60,0.4528248052843268,0
869,47,69425.43044216142,14021.353198778126,793.5512261850126,24,0.2786943159285258,0
870,34,71846.96151659706,9916.889463932963,642.4467934792619,12,0.95887187319041,1
871,65,95422.4079995532,43428.288512994,835.3604405406517,48,0.14281430447286736,0
872,64,89368.3310744942,24761.741748518674,555.7552346395352,36,0.579829576047725,1
873,40,99027.6620631478,43113.59843931772,766.0633618142556,24,0.2825502675186389,0
874,32,119434.82400047667,45189.05923379367,334.3167377290525,36,0.2790082903477966,0
875,54,125688.14603309215,7810.591712858215,484.40347754306265,48,0.40496858737618846,0
876,38,113355.99990944428,44755.914334372734,336.8590957631655,36,0.9987929358156545,1
877,31,144218.08047414152,25174.357491624,836.4387234134888,24,0.054966306839822066,0
878,19,22370.235747927014,27969.46200519045,749.3356489995101,48,0.5785418182035315,1
879,28,45451.13813886099,33196.662999194465,768.9010816852838,12,0.08257215803527718,0
880,68,20983.173747158475,46687.217302853904,815.8808772886418,24,0.15452082999051897,0
881,56,104171.7128400984,5860.2242493393815,346.80691736588193,60,0.4395629417728987,0
882,55,136743.9713634983,26457.95607430177,512.0786758823333,24,0.5104601313464413,1
883,51,51652.698554918905,35947.491909375225,339.06918897420115,48,0.258792408364524,0
884,55,140514.49082351988,37521.81309642028,415.93620585251574,24,0.3164571308744162,0
885,67,27834.76073764291,36163.959419169856,426.1511773707198,12,0.08696702025593306,0
886,51,141476.68348471686,11049.580823365483,558.0089660761682,12,0.3032197838442505,0
887,35,65710.94934115247,18472.801476725654,447.7091920995034,60,0.9665584393805441,1
888,47,33184.707698398146,21142.198643765605,355.5379587497686,36,0.9447073816724817,1
889,32,83163.32869422233,41199.674345577725,392.12009900175923,48,0.334878290136985,0
890,44,53380.95380366603,17544.194258654887,381.00155995365003,48,0.5708539362787616,1
891,68,57033.47725504997,14481.723374024143,835.192238851764,36,0.9095953911109443,1
892,51,59947.69544041726,48085.16085671433,717.6108788051605,12,0.0061838226408966745,0
893,69,124393.36671824625,5398.8478301061,832.2688058982591,12,0.8106835703375919,1
894,55,90090.96596778308,49901.93850568902,541.8572675793497,24,0.948369552788919,1
895,50,60470.00089028048,35456.9584485828,453.1026649144611,60,0.09132573433355706,0
896,41,99343.3918304194,42281.11847521027,739.0612584650527,60,0.16144768603292103,0
897,32,113099.58764901516,18257.87283557869,479.4396549226307,60,0.9607463027713554,1
898,47,55441.12009535939,5644.187495017699,464.66085553794153,24,0.5375401436403463,1
899,59,73761.38319829569,38204.128335268855,427.87829571430717,60,0.014196634471723701,0
900,68,35845.19213380318,42536.50686503041,371.32343802332946,36,0.25763199876352916,0
901,34,43549.41543950844,38321.42593790836,441.0546835592213,24,0.4499436742688596,0
902,22,108545.32101544777,11428.262928537737,495.42586166063825,36,0.6929089110247677,1
903,46,43586.9852004315,38904.25650156361,670.6968144801517,24,0.7331603781367996,1
904,21,88271.23987671782,39601.525194843845,334.4106632206984,60,0.9954215129254561,1
905,27,112176.01402391624,34634.32320515247,415.7788168159386,36,0.287511199383759,0
906,34,33894.0000023167,39475.21697580138,744.9630021604221,36,0.5382201018684752,1
907,27,93750.58855175746,43066.46478549795,380.8070579710739,36,0.533323547859605,1
908,34,53353.161881177286,32612.18514068563,488.4548305873868,24,0.4056452594472375,0
909,37,145180.49378088536,8987.212128635558,775.562407021977,48,0.1691618938424202,0
910,41,82860.93407359021,26943.25143502449,385.20892112889345,60,0.9774565631838426,1
911,22,124779.03147077055,8494.220060222227,345.50525959000447,36,0.8533171866665861,1
912,51,91529.45048031403,23339.436396459387,566.495897294006,48,0.4983330282942372,0
913,23,25643.62927112649,23319.792010653244,466.330731203195,60,0.6032454226840298,1
914,19,102309.6788272229,7970.442986310871,609.8746004661198,60,0.2272610535596623,0
915,30,143682.43448686542,20696.92402862657,742.0926897659112,36,0.5437870703917469,1
916,60,98209.53661902306,9994.914445609167,375.43166848400875,36,0.6949701331214758,1
917,60,126494.55172548273,41370.58445041499,619.3844965048568,24,0.5151670283865888,1
918,65,134946.84023529303,47645.96116840118,578.0298182144252,48,0.9902851705849413,1
919,28,49650.37035336122,8254.241386607238,379.2433323072598,48,0.6113416562477262,1
920,68,47565.82918806946,47980.18432812656,643.1991670409403,36,0.37097371259216905,0
921,64,99427.52855062892,28515.94697015353,450.5022298234244,60,0.7721520276158381,1
922,40,73433.70107487161,18480.455507924326,568.3088751992068,36,0.17046251158164205,0
923,33,129181.96937267364,8458.793387427359,345.24977835238406,60,0.38451581370626653,0
924,48,137003.00604174146,27528.092063168802,552.7712314674927,60,0.34695895037758584,0
925,28,65944.77930935335,40753.19950208369,468.5549074235512,36,0.43180709510777726,0
926,33,50793.17266668267,36818.891477001416,752.3096661519448,12,0.7817798259287263,1
927,25,121468.31698170204,7260.170515878819,331.33829984855254,48,0.48417303216340746,0
928,21,55724.78462125769,8280.582591555658,530.2340012050814,60,0.7940144502659627,1
929,57,126939.86140677819,23129.29771846867,552.1372832722909,60,0.5764889031398659,1
930,21,75085.97297433917,18288.072232157447,698.7533419645154,12,0.34206943465755535,0
931,42,106781.48690789116,15457.294537522153,615.8581662996161,24,0.8099787436834724,1
932,20,32419.590798506862,17645.20245089211,666.9667854567996,12,0.23828967055309158,0
933,49,101101.7122079545,41156.72344835981,727.3771071084659,12,0.2243829797997955,0
934,20,78729.79823583979,46815.262413433426,774.2116355120038,60,0.5045029240548358,1
935,44,96259.10021281164,23229.62125374049,472.6315231973588,48,0.2608492459620889,0
936,46,41841.84700683225,45774.99509596237,595.9124879501467,12,0.009087034951216322,0
937,49,115793.58684274368,19467.30655615469,762.05944314156,24,0.6482975272988015,1
938,67,132163.6200806197,26439.664385470624,844.1981220307811,36,0.511093821472398,1
939,68,48176.17401180083,15171.304901719988,789.2356210740697,12,0.4455178144931612,0
940,36,32442.892217621025,33821.42189791298,504.30699444340723,12,0.9669685146183153,1
941,38,23073.01618602373,49054.150182866404,407.3415844702577,24,0.5711991839629137,1
942,22,103456.29505762458,32157.18932195204,569.1658955736239,48,0.8634315777893845,1
943,35,98922.2246915415,21101.633785109698,707.9027985098232,12,0.13945023620516017,0
944,45,91070.6636528291,34151.78506957377,570.9129889143137,12,0.5692064631294277,1
945,59,50153.12249507681,10531.430530942442,565.7494748225176,48,0.8679796267309029,1
946,39,70817.7794677169,44989.65861194294,761.0267315949903,24,0.583105757279898,1
947,38,97281.92357420249,27638.777785092636,498.7720784869525,12,0.7180141781270015,1
948,23,84579.69165169202,25220.738391783892,772.8870711464051,48,0.3720435678122074,0
949,18,148412.11762793537,31363.915480408363,523.742640523448,12,0.09244951703706661,0
950,22,37737.16783237531,33115.27382552311,480.52820812308664,36,0.4579002951270714,0
951,58,110368.79202618719,8229.911280193086,549.6944511598344,60,0.3944793908388575,0
952,29,72561.43985355797,35717.77495505311,719.3458272711777,36,0.8670601823789473,1
953,43,75665.94994032991,15886.925614198832,369.30111532519686,12,0.24399530235247224,0
954,63,113287.70953556291,37127.86846279654,408.03056872960957,24,0.9667342275351081,1
955,51,110016.69967216805,42014.065747288856,823.2946541147006,60,0.9581381198044961,1
956,66,148863.27918128448,41178.132839863414,396.52039505974653,36,0.2476316430714387,0
957,31,36691.25762903628,29862.543533355012,612.25002486208,48,0.3480519554773205,0
958,43,33534.25441994162,28407.6451539838,618.6229566640659,24,0.895555740873885,1
959,62,114164.04622673635,11429.418260273527,569.2934541276346,36,0.9666222208961075,1
960,44,95190.29921083318,39890.5767681411,654.6098867172502,48,0.44343910283604404,0
961,26,55640.88665277476,17213.422120102146,426.40469918869013,12,0.3209970456408978,0
962,43,30324.51796856826,27351.294026807594,603.9642472772116,48,0.526094013251542,1
963,64,31135.572447535968,17792.334181738253,504.69529038579344,36,0.6877692063657348,1
964,39,136244.81370633538,11022.276334986193,663.916992796054,36,0.2734745153749798,0
965,64,44942.75221343658,33330.09636012815,377.6729488552322,12,0.7364731746190728,1
966,47,62038.3030750177,7444.941567030673,613.9825792617119,48,0.051657357114641034,0
967,60,49465.33228950844,38689.035535679,401.89869546082804,48,0.04929449276441644,0
968,65,66149.51975815184,19291.40578675025,453.25368471327,12,0.3862877051455452,0
969,34,29025.099556992136,5006.061185201839,420.2903901779708,48,0.3534731920607206,0
970,43,87477.77281807514,28000.81126567534,400.5607789278494,12,0.3156332153671523,0
971,53,28789.633266987938,7108.33588374214,754.1410233583669,24,0.49101976266891,0
972,18,124046.346016907,17427.63010194048,457.1391622134897,36,0.32073358231157123,0
973,25,50382.5706483563,36813.94193550723,809.9180800254471,24,0.19225791846809193,0
974,66,90201.54889858638,7821.032972983964,833.4595889398549,60,0.3094695490886009,0
975,52,134410.28138298957,42770.2321560201,614.1932584654035,60,0.974904272810235,1
976,69,104614.05797613524,5171.89651963624,378.6506174661495,60,0.4111134169948486,0
977,32,89284.51225167359,16107.0741140856,506.0015338587697,12,0.44471277685833577,0
978,64,62163.387904998825,38340.682526843215,738.7527448415177,48,0.57654498995114,1
979,39,63290.24869756573,19232.156737818805,502.0649007833888,24,0.9833407684142266,1
980,31,107033.30417576472,9585.157462970608,347.8594700665338,24,0.241601276435763,0
981,43,149238.11695875178,21210.526346019255,606.2317010105033,24,0.6812821105324338,1
982,45,106039.09468041922,17167.69788730365,764.8164683228191,24,0.7159846935417241,1
983,40,92511.84425810324,42922.035597224974,737.7595129289264,60,0.6073244167930659,1
984,31,114984.56633110199,19100.65629133144,396.31772707169426,24,0.08857833963664408,0
985,41,80476.72959688335,40501.96122992032,670.0205379268567,48,0.6768722758275765,1
986,19,27818.50453810208,45134.246516483065,421.2773448896059,60,0.06409471103617548,0
987,62,93098.58606412828,24521.78388094383,420.0141440036947,24,0.5961426495498969,1
988,43,144491.28698569944,45947.44147344764,780.7394753178519,12,0.7395811772217427,1
989,31,42789.38250649575,21979.312428343677,437.3179240071266,36,0.21096989061995042,0
990,68,109700.63580668655,48383.52874205487,444.7860405849061,36,0.841622007542774,1
991,24,46121.379525677345,9018.028603650782,300.35936491871473,36,0.030353805533004263,0
992,20,89657.59898150056,35915.866992645926,778.8679687690346,60,0.8438128636583061,1
993,64,32567.93845407355,27221.63182056179,735.9271472650241,24,0.4603290506427651,0
994,40,78548.22171356407,22444.196245504118,645.0309142998728,60,0.2175879399316445,0
995,63,118301.23275638199,33472.03454368704,712.6461701663632,48,0.133778144993968,0
996,60,65184.29815106767,36673.569123544905,383.62671208347047,12,0.9533071675823725,1
997,64,106438.52418333835,5196.347134263909,552.0779770231665,12,0.07266558758115671,0
998,62,123408.4949026648,12512.888993623943,493.17066304182947,36,0.19909341993592566,0
999,35,140533.11653232883,37087.072278544336,351.5770894413591,36,0.34782234743304596,0
1000,55,50503.47064120896,34987.34361101929,567.3717668682082,36,0.6202348489611205,1
